dimension_0;dimension_1;dimension_2;dimension_3;dimension_4
5.674298990255361;-0.3966197716822511;10.424752661392446;1.6305076427884349;-2.7745038750005806
5.721171044202845;-0.003981602271255658;6.430493587429404;0.14485595848979993;-3.892269490443646
4.960955942277849;-1.6715284999548525;1.2501606867216077;0.532291536196083;-3.9673192371972426
4.624060105388268;1.275672304581118;4.758663935761776;1.0645269639530077;-4.4656537643042755
4.767517296881862;0.4774772778406761;4.171986275844175;1.4019138465316998;-5.551041453735555
4.851473345233734;-0.9861232144956729;2.0408320754652376;-0.7799770747587864;-2.766399977253174
4.727867624292879;-1.4459767493207423;11.044000786501279;-0.4986735288548514;-2.816005441527351
3.516030605091809;-0.5857423041280029;14.010967183090955;-2.229900335646354;-4.254234468221064
4.361594008362251;-2.797392660921904;3.1930349886605667;-1.0814866895979405;-2.6127863028552936
4.240786711172862;-1.3957095406038407;1.7110381060928992;0.778070550363734;-3.500633777760612
5.590510986521232;2.0904197160223186;12.33838410410724;0.6641320332229526;-6.111237177028009
3.1520233902031594;-1.605932005364235;6.683253510593272;0.11597552762550745;-4.7934579014180505
4.974429552537525;0.26385818168936154;1.5527093548652955;-0.1278294239590645;-3.902321432999852
4.734979999427453;-1.0349517345644421;1.9353034301829926;0.19317278539109684;-4.884834851393952
3.883698673467882;-0.5624986658937936;7.442661526500572;1.2946075673143649;-3.7192837114505686
3.693443658639493;-0.5356168424323131;9.044714075445146;0.06760805366689293;-4.946883208928063
4.434918609946765;0.4481376082022461;12.461638392882511;1.2729136931130136;-3.860350470683896
4.005270844170575;-1.8461357543167016;2.8803096988597394;3.389000440520147;-4.473775943761291
4.294305671278944;-1.0976841096451684;5.706963781731149;-0.09204193252654791;-4.030560127896197
4.451885074182744;-1.4285176904327643;7.549153390953517;1.1031360254815854;-2.628164911392607
4.31679983633618;-1.2402090748032688;7.028804665023658;1.7748741305723346;-2.429934533325225
4.31828068967797;-0.16701433880076977;4.0548889194447195;1.0004269033022848;-3.072339367678468
4.019072450251331;-1.4667583915359568;4.607318425988484;-1.46042561289883;-3.32771758843978
3.9526787662837566;-2.695116453055727;6.061421794840673;-0.08933099864124738;-5.1690703278811725
4.143008430395094;2.068842946761319;9.846212874107184;-0.45347362045764084;-4.160930426982097
4.05093574571348;-0.8855758052384282;3.806495964268577;-1.3783757757247883;-4.869656794496493
4.324575934848197;-0.7189573964632895;9.123219547736452;0.4024983659743485;-3.105150113185365
4.611699401692873;-1.3264248527143454;11.74718598925353;0.26819864712228364;-4.337952328050546
4.378740871331572;-0.7411780033976233;10.853961292920648;1.8833059844545088;-4.249123839230252
3.700702031018056;1.0287640527494513;12.904158502360538;-1.3310563680408758;-4.12135623656359
3.4995426086813506;1.644663659967658;9.985484763547044;-0.12785868512182408;-5.1482377000646835
4.548089532854041;-0.2713524495741808;7.286877938214393;-0.32271783380684704;-3.9111714682988925
4.499286124116949;-0.5999592297054527;0.7352785003965723;0.7293901894150744;-3.5937122769443692
3.2589048346107403;-0.7898158462271869;6.871548878858189;1.9583794094617397;-5.637222791797362
4.530706112715;1.2509812621626366;8.593889732110052;-0.04112304002596112;-1.8077397003328897
3.8953137500291333;-0.25123380851718813;7.340860536587315;-1.4870600149610256;-4.142742033887018
5.1269694079365875;0.9416004066944808;7.6229819857732455;2.5750489473969234;-4.5338010281429515
4.314787239806487;-0.9397216672297075;2.000236684780246;-1.9196808953892248;-2.5146983794651083
4.178573230901505;-0.0937399002341443;11.580205874689167;3.0322480216789494;-6.122492150975088
4.833920832189751;-0.6246452513322892;12.672358166997018;2.37356085709279;-0.28769731422446654
3.9031669245509493;-2.362022613607225;3.6792504100068393;0.5921940110150247;-4.851942993654181
4.389801202777125;1.6283241704766669;5.2303690578660875;0.17779272374543476;-4.434113018658598
4.884263797074413;0.019509956930465422;5.400641438955788;0.30078801794812854;-4.521978206067217
4.4587682064911;0.15746061455022026;10.106483790666069;-0.2363796036137622;-4.729250247752133
4.337789064376328;-0.8795483133715252;5.591286159168768;1.104860957867694;-3.0861842403607884
5.003967162851736;0.8500578369563596;1.2598364188655875;1.8711737822148675;-3.599873253695716
4.247167137999073;-0.538823774790288;5.888469205877789;1.5621507979922375;-4.193516536696196
4.042737223977098;0.027727399152329302;4.700926190059251;1.3318855058035046;-2.801557957766821
4.91757297044779;-1.9481634386097437;9.719354330793267;0.7205565935308642;-4.467719477799645
4.328735100006772;-0.4846540697883844;4.606780829033132;0.14654209089293757;-2.940431286414384
3.62689308694343;-0.25019081185757375;2.124487552021935;1.872517271844831;-4.617743027718533
3.6538242912702805;0.2254926130955222;13.840508583063126;0.8386356540050178;-5.044796964006186
3.8016812325826783;0.06474511472662031;8.150799995971452;-0.2750862825088658;-4.372871286231469
4.3587655903310285;0.385515721715794;-1.8667762601432463;0.010194257590639078;-4.331209591839154
5.2872588210789235;-2.0833602599515335;5.236606064031147;0.30632272238703817;-6.081255700764181
4.902847538838033;-1.6120357825986686;-0.8410896801716277;0.28844525423452105;-3.2812565589000724
5.578656894608669;-1.7444935046092382;0.617968917825352;0.3785183108404786;-2.194947672627848
4.681741462712255;0.37878548373562887;3.410112747595762;-0.3448610524162298;-4.5435293307792195
3.5899074191916913;-1.3510714412423064;5.517782517152983;-0.4243489795725013;-4.532289760793343
4.3915475028880095;-1.02325052604302;6.128109929858456;0.12270425630676773;-3.261229936217889
4.487090501814518;-1.9199039810863758;6.5004989049370545;0.4428906785270558;-5.418191937609352
4.099882556602337;-1.074490029132094;7.011137269595482;-1.0005173613029377;-2.77322679354318
4.777951810554534;-1.6029105535665746;5.664622576310689;-0.8055234166259839;-2.191015344768421
4.491269592789116;-0.8938866553233985;11.193428505328228;1.2456729153017252;-5.138407980512385
4.015941059871851;-0.6807082776340365;13.794484662431719;3.275565892893326;-2.2953738360581877
4.100649616460791;1.0590500532630127;4.759396024302254;-0.1615569061990505;-3.581309948981438
4.51268252725478;-2.35907993664559;7.446675424932859;0.617910498184522;-5.374299679457103
5.1309047680706605;0.09669007491905418;4.889165823637157;0.01513399898509904;-6.379531793709316
4.421521200828087;0.26848227229383564;6.741813356991997;0.20429043624886767;-5.163268276967601
4.645896994389056;-0.6326432948846042;8.263111404373587;0.7559608356735467;-7.252035555624113
5.352066683049969;0.5189088487348661;3.849013604910448;-1.2043678441597168;-5.30001462203578
4.579182703938659;-0.16044305416587612;7.803390435288675;1.3412277810731272;-5.842491502434446
3.448402548020271;-0.8199805582117465;6.117482580024166;0.07869910781122202;-3.9312928259852247
4.103773791066045;-0.6741958362498606;5.545854677951341;-0.9770577704125931;-4.835117123575465
4.166238162813318;-0.25757492215013367;7.627223480807354;0.7152542714925005;-4.521476146299938
4.167573363901547;-0.38424417472002736;12.202464723927816;5.443170242065919;-2.5288817051832826
3.6673656545176665;-0.4711748475053811;5.311065838647748;0.6786381773290241;-4.252857640586015
3.7986573107577493;-1.4686973570512722;-0.3542339322189276;2.9681257823491496;-5.486509177495688
5.592569565274655;-0.2687735987160543;11.793946896981804;-0.7080869906109613;-3.3662201548849797
4.515778559817394;-2.468033266076028;4.218142217470158;-0.09863846918741248;-5.068286945379105
5.5322248164305865;-1.2079071827564298;6.611091319808837;1.366557999575425;-3.77086134191091
4.638443716684132;0.6620991978132866;3.159811440985961;-1.0361940321372947;-4.956137845885088
4.218994437284914;1.577427671027577;6.411376023693183;2.0817748940542677;-4.113229697225057
4.228631647569056;-0.9728722009570683;1.6917520983294265;2.086271245487284;-5.966234385175901
4.373038607728848;-1.376091253831618;6.100853010028019;-0.8467678006470987;-3.346839143920776
4.204527168100151;-2.272291813897059;8.164020426096227;0.17137708348019082;-3.3017734843196216
4.125407694430882;0.29832437276268814;14.103934193553275;0.8101155300485708;-3.548700837145561
3.783784561635822;-0.2013995914969436;9.278335048783674;-1.3113151223010344;-2.9253878541261438
4.148129871358028;-1.203334073899724;6.9793522225157165;0.1157469971694991;-4.91192183987667
4.219085051225208;-1.1954100083702794;9.753522240944356;1.9929534823429553;-5.459823212951144
3.7526108948813404;0.33680936019599056;8.226644408768212;1.484912647163828;-1.3816785132570701
3.9901110888086526;-0.1659336908147832;7.160094950218129;0.16568972372520768;-3.6966623850494083
4.071350198154269;-0.5146479985531851;10.05325562186906;1.2804540918162235;-5.908257249368935
5.125330887056833;1.1985354306408442;1.756241046029829;-0.5251384553866183;-3.5987749976311614
4.077663908896852;-0.11183133808250884;9.202041809396086;0.8581884376709613;-5.5561058301527915
4.600266132996225;-0.9272347263981786;4.916413703251987;0.8894553586641015;-2.1441290063842593
3.782867214244577;-1.2328903349873748;7.625094182620596;1.987465173726854;-4.50867146854519
3.3797915835803476;0.257839451864095;0.9179763101178295;0.5003136623033912;-5.457151757428691
4.639662987599866;-2.250729329963602;5.819315189966146;4.834500929694003;-3.572025205649184
4.939092223154061;0.4044100075139169;8.250243690952974;1.3792511086291532;-4.152400928267478
5.1170823894168675;0.5529721187218266;3.764494089348594;2.04419656865754;-2.784379443753003
3.595213600643988;-1.3666986718745353;7.4019847321043155;0.23709440980782825;-3.578240695100642
3.8766271821441034;-1.5223335045721524;9.69381109449424;0.20346146493231915;-5.574543163909636
3.8079854752675377;-1.7079435796459936;12.745667814700788;1.2257605648013479;-4.874624457132319
5.489795083758013;0.6690201722518021;2.514632617130434;-0.24729738899756848;-2.9981298691386575
4.155899222222702;-1.0471658703690923;6.128725329371114;-1.1265723362042888;-4.808931168183641
4.544308975508794;-0.4555222704698422;2.0558058093681773;-0.9437689878764555;-5.710335756959018
4.528467582219094;-1.5694427889688192;2.7917514108019064;-0.9261771613945815;-5.376612525795649
3.8794872207467104;-0.7430288713566202;4.2103641296103635;-0.7560272132751193;-3.56553076578715
4.768259302623637;-0.09433444868317503;1.436835741133681;0.8975301369797144;-5.21636451901777
4.3087605034806735;-0.20927465288687325;12.458343359988197;-0.8109437133613999;-5.600375598356669
4.9557230143772495;0.24740969607379454;3.7152075602547145;0.3230109033178369;-4.613255629531814
4.2464606667804;-0.21924976570930305;3.2163594450817006;-1.4095220171854967;-5.415191692907733
3.728989362678272;-0.7857406133918938;11.425773619324698;1.682571344829494;-6.860373305950421
4.478059327668925;-1.5651770362483217;10.531975660849639;-0.5584230164213091;-4.855877615145522
3.379967403415634;-0.15392164129191788;6.069817633681333;-1.5879653594394723;-6.0567936703559395
4.168163180831918;-1.4201005826544553;1.2378237077985998;-0.8037077444963026;-4.202928035391102
4.4243466383352485;-0.3719824422277096;10.040793202523924;1.1420978653818086;-4.041331012156809
4.070774690924072;-1.6566972119682954;-0.22485807888348575;0.5003746146604182;-2.5699740786590084
3.77343409851413;-0.35637703743102744;9.76530511076286;1.506314448205519;-3.50937254182724
3.9097770903415605;0.41579955599153556;11.156908188090751;-0.1715090397796084;-5.254398146239312
5.043640030015937;0.9238289948750893;8.4000475421213;0.14722830680210436;-4.88674777037656
3.624502917398691;-0.8146343675600989;9.63101460209613;0.11924107427072717;-4.648788486931789
3.9538085968216747;-1.9127362293941874;3.9574707047432707;0.1384214784811274;-2.842170943085887
5.214350250659951;0.7744909215589764;7.595185275495215;3.7029182775677567;-2.5752412779677476
4.281143152595618;0.01063314054419362;4.579230299068765;0.05742933745380241;-3.61161945569592
3.2167416244307647;-0.9283094173728941;4.114367158102393;-0.4590835605814041;-4.084154316725378
3.9846272484690757;1.9639859935727204;7.100788169854384;-1.357508410616907;-2.091487208274357
3.8295773585307438;-1.1283782542356002;-0.42932023342163816;0.8869810160429716;-3.360701814086005
4.452401084196837;0.8717084421404886;4.503114231530753;-0.2837696534100935;-3.127841883681553
3.751479203683618;0.5913469544531875;11.544072263564999;2.601708066109324;-4.1810322736668
4.012360073575698;0.07051841868080483;2.8607524206315547;-0.2910079904813264;-4.273809252896852
4.012184438103349;-1.5395506640975045;5.835708604444801;-0.8169579543302052;-1.9139732615553071
4.817911191634506;0.21444179718753426;2.0401451837519087;0.916996601769299;-3.6758836324168076
4.252997275461418;-1.5751522260595818;9.106605490885634;-0.7115680839586132;-3.8504241113566224
5.00503006375964;0.03492077459074955;11.298952598638804;0.8454609940461495;-2.4896761169173107
5.095046228591571;0.5682637764312777;1.1695640454820317;0.4383429425434009;-4.260748394924421
5.189645651976058;0.9410471345422298;13.700836810558442;0.9923264859924618;-4.125334569751473
4.360717016498955;-1.0930483578092576;7.272228559898592;0.898613666206396;-5.1911062435477815
4.955903160374511;-0.641553408926308;6.032007749084999;-1.1711124956763248;-5.840779699732306
3.630188675219881;-1.340835457453126;5.734017835830926;2.310344288220314;-1.4317570788119474
4.3290070919990695;-0.8931380473523132;5.336349839089337;-0.3810159989141382;-5.10806151168898
3.2112323928662985;-1.0478740767289423;6.402392635438709;3.1241031810493034;-6.028615291639761
4.954524170183282;-0.32418742321047167;10.984687283669542;0.766087876400179;-8.066459836745413
4.568817077060109;-1.8710104526969957;11.173267239222252;0.8410091992696072;-4.14101063920022
3.7055970250172336;-1.0777401311343429;11.2623330934412;0.06734348046074234;-1.6304543011673922
4.7258499941369365;2.1174448100466328;7.211649505488042;2.2830023645833597;-1.956108881944365
3.857522072451858;-0.73154403051608;7.866053475205611;1.085345427050643;-3.886630898305171
4.38064796207571;-0.668195692769543;1.9207620212910461;0.9799374140878085;-2.9876608629210524
4.778719941626928;-1.4187588728470542;5.404981995179016;1.5505292001300381;-4.505692733523188
4.600881530937773;-0.23242132918663816;8.292271339606337;0.4833327310571128;-4.882023407511284
4.917001751768067;-2.0727891045259863;-0.2533544123235094;-0.1313976390789966;-5.233130696566061
4.723777197970962;-2.454208906199966;6.650857480526916;0.7797276022988344;-4.897906732483468
5.121334059429632;0.9274920576225394;8.650345934049465;0.37648686049028746;-4.581444034429213
4.605917450851755;-1.9122444275122112;7.278194087687898;2.1664087439579225;-4.319237671922222
4.453887930217571;0.9451667243317832;8.046554294334541;1.7088568553626464;-2.7951164849122083
5.034809924417269;-2.754769392992183;7.472958290706192;1.6864906768380554;-5.353519310265725
4.0578702215006155;-0.6620522666721749;-1.9923122577441363;0.1919045735138774;-5.20208166243013
4.17951402682442;0.10294476303461925;8.714793394264852;0.5484190714554712;-5.792172047290414
4.644222175156627;-3.5155348326017544;2.9044118956834004;-0.16527184443144072;-1.9857202916310928
3.710476145982808;0.8511986776356699;8.256013630147947;1.995469669828522;-3.7667173250107835
3.853495215656571;-0.26909404525092573;6.930153385430688;-0.6556995508265016;-6.503264625825583
5.006617562926704;-0.14075695256112608;2.586145447231084;1.0476487667034289;-4.77315817849344
3.741551361033763;-0.14381799857419048;-0.023026346292922995;1.9755498904294817;-5.987818752115375
4.727861736382168;-1.2616401104141064;4.5267986788690635;1.5492527768274127;-2.770670988402821
4.511397105210814;-1.3179682902076377;4.882081368866881;3.043743699357501;-4.890212263058291
4.6921691391617095;0.7440063485325066;-4.1979509495375344;3.1083950521250054;-1.2526327188919635
4.100600235020485;-1.2569766951816916;4.470045970275681;-1.4339165549044866;-4.798138613366553
3.6893661300215776;1.6447556455598862;2.919255652871642;1.0589631430198627;-5.74070086048259
4.47743332128315;-0.8077636286463239;5.524869855341912;0.830406748608662;-4.168991099789853
4.31590358784891;-0.0728861384217318;7.541054117227739;-0.6003141469517959;-4.2132417590964435
4.089500805599291;-3.700315928405682;7.063832083766484;-0.16918314230490983;-5.756645266190367
4.059039811861373;0.5246285461594327;8.466022648628554;1.175323515009365;-4.4387528094771405
3.4741823497917927;-0.4209044329954762;6.480015608186871;2.542437840694638;-4.1908757023753065
3.8482470351299263;1.5867864416901496;3.211709562744514;-1.075269745491124;-4.6099815632749
3.7457698476889605;-1.1395970567375464;12.266259932397205;-0.680579145478166;-3.3841980893376347
3.6621542676582526;-0.959569643539726;3.8185630386956038;-0.6240747704955105;-3.785891641949793
4.186746732414318;-0.4350517364098094;6.367524094124284;0.12218653988095174;-4.535687321788138
4.088731132830452;-0.7985668758280116;8.597913372774965;-0.6605822402734798;-5.264172978208888
4.091005875826954;-0.43139883184989847;11.105115054957842;2.366831234572445;-7.161416111279898
5.2635329414540015;-2.582402461484762;7.95142190838747;1.0583339256202642;-1.5056044125842183
3.933949326960483;0.11283994331359809;8.298476170774656;0.23140771591763826;-1.9393276011742384
3.779163598151489;0.5537436463042813;2.5767994959478235;0.8713339895361687;-5.44531749903017
3.592810136634002;0.34518606244675004;3.3838251355523377;-0.6450581540317859;-3.4990817958572356
4.187801867896653;-1.4093866109499724;2.6980104534883034;1.0333004623397306;-5.2250371759395176
4.847202103140383;-0.8774547804198086;5.604973484915149;1.598813788630007;-2.962564156634709
5.082418933821944;-1.2759701399571661;12.657678099745139;2.3593693779259586;-4.4580656492634
4.22925201016986;-1.2457783328001466;2.097936603794744;0.9827872101649087;-2.837733696613917
5.154861782927918;-1.942941527077063;11.102631420109127;2.3675119538005704;-5.418890115384846
4.357276032628973;-1.9708954331812334;5.222653035083981;1.4721772486834126;-3.849455438527191
3.375691784863012;-1.9784963747803082;8.896871543188233;0.6201552694323276;-5.235736141113591
3.618227334278931;-0.3517196229811211;7.93753506401569;2.5150051180270996;-3.426191181508224
5.393365720782685;-0.8445657966715239;-0.13922277299159624;1.1134712057032352;-4.148387193720257
3.128241536974019;0.7565153180546755;2.330165372516058;1.246360121102477;-5.228040488194094
3.548772265854244;-2.1728738634644174;9.496352643921401;1.3596047296006863;-2.1004498938323857
3.4238103959752406;0.58869320316839;5.638080694718281;-1.3661218491184843;-3.76451618895119
4.478660078049228;-0.5132837367131502;10.364848982436664;0.6238012476629445;-2.388624538160938
4.4607927047152955;-0.6629378024471878;3.779863746335923;0.5061919929621366;-4.121901349471789
4.250333868635682;-3.0382421330352143;-0.48141990438951954;-0.10344147735730591;-3.166053611281305
4.69426072650024;-0.8587567011738937;9.949765685630975;1.6278715336738305;-3.891893509712203
4.377593678056079;0.5644754597511081;4.333270796033277;1.4353147018073402;-3.247017101777636
4.52312156464391;-1.555684036772514;2.0763612055425567;0.7867441594285356;-3.3258814502888003
3.9570426869801105;-0.2483066104655376;5.249380360692468;3.1839488031888195;-6.4947476877485215
4.081548110699988;1.2017724273929085;5.238077099994344;0.6695385714951257;-4.672199667158846
5.011109830332831;0.6334524603912359;3.7035796496093014;-0.23348922137830008;-3.6373375114345325
3.149983433453122;-0.47895659143481034;5.777903428926929;-0.7251466349305016;-2.863194476485388
4.268446331432655;-0.768183492162319;14.33312154828583;-0.29626988937022203;-1.9787495100678152
4.891361838533765;-2.009373905924978;5.793578369565208;0.16399161196103434;-3.456972438669772
4.9014905452271424;0.5469590134372657;12.761621559462311;0.9298199285835174;-4.778140194089803
3.8379694586252633;1.0791094904046208;-3.5477196281097276;-1.17149876519766;-6.842557319151427
3.694853647312762;0.60254235557859;5.790276268036679;0.002136598989424199;-3.749285386281189
4.94535376188476;-1.4885641041082747;4.814049992761392;0.6370893597323403;-4.386903896235882
4.669993878326768;-0.7179190676786342;9.976422003478904;0.6255947995645047;-3.0906000569320513
3.3085606678006148;0.25016747321010596;7.216570520211121;0.3356425695008658;-3.6862275486749385
4.218402318872194;-0.9357080163650968;7.428035317679135;-0.11852142389964915;-2.939604865763933
3.952955605363447;0.2951384089277909;5.167377461687558;1.1301874908420306;-4.224432581249141
4.20480689438897;-1.7565582025643378;4.816632551866606;0.6585497847262446;-5.054211483649392
4.700435984696659;-0.472969205047057;-2.4749238658875266;-0.5070467826215543;-2.911471865476841
5.570265413594013;-0.2658628163840585;6.381935529940871;1.3166470863200062;-6.434678984515174
3.9485820698476983;-0.7817905465821126;6.220187268566008;0.3191468778758507;-3.5369558160702357
3.8299166624387926;-0.5089323376956394;11.103492693162906;3.3083345473752797;-5.0192620727075035
4.166533135852116;-1.1567748262537343;6.79023734205529;0.12431604260576423;-4.866132501216728
4.578651699248929;-0.32712869908032327;9.942607565319975;0.9189200050000739;-4.394857308961329
3.536114040784546;-1.85599391400344;7.942936906656071;-1.315911204572764;-1.755183790813983
4.203206911624465;0.5338809387812511;3.4486745203006146;3.0848573704647633;-6.44880496082032
3.269847205119686;0.8035595592637566;14.126538031923362;1.3651670756900338;-6.30406404142807
5.11625021782455;-0.8009846849252236;3.2298136775819635;-0.4286621806953066;-4.365518811590195
4.174284544445143;1.8846417930281285;4.471715433724597;0.3248046388106727;-4.960730553771885
3.3912511086681674;1.6508304470996593;9.577631534713799;-0.10531799949428977;-4.745041618640404
5.692939451722294;-0.4177730214136064;5.144268328004616;-0.8264768990797493;-4.50379426780327
4.1552009029418375;-1.5676509733046364;2.1728435993648416;1.9916887039735678;-3.5738158516624527
5.031959510420408;-1.6287283248387687;3.504623259906383;0.970586249052078;-3.0030255246576174
3.943776191347861;-1.5134716482071344;9.271604895244653;-0.2194923304679407;-1.2917876083506221
4.5270381768562435;0.6737590177719257;0.5393602739577847;1.7203935987679915;-4.397293895181026
4.983802753459251;0.840232157053521;5.3700947858523165;-0.9100872575527919;-3.4948510925156615
4.243349929524266;-1.768825572778359;9.048467909887027;1.879980746046772;-4.554510973981816
3.73633309578768;-0.7312747358613021;6.00664524014783;0.9778048970288554;-6.003863077612518
3.516635087802694;-1.77818191941239;-1.4876930851368444;1.2856376496653767;-3.9006146166676547
2.9134269933238715;-1.792054617875191;6.607816007260478;0.12166899046494484;-4.5825799320198355
3.5258228754159933;0.9069308981891313;-0.28129522219448955;-0.6324493337719468;-3.7949781361299877
5.178604575735569;-1.3239534215896145;9.173428649374646;0.727279846160653;-5.432489664815307
4.141182436406574;-0.5793815033998182;5.829526286859268;3.729767466371846;-5.386191024368388
4.044493583630568;-0.9331440553980432;2.166308303398763;1.0642458552113059;-3.2822969081999562
3.8586114717414683;-0.7506858165582213;7.598358884497374;1.258768232158256;-4.380388738271055
4.30617353093891;-1.451682047386536;4.091365882318585;1.7368292412265136;-5.886482061600036
4.805091358386692;0.7509594000287074;0.7779861490426514;2.10291937576985;-3.595013858984825
4.699958548416892;-0.22895426559565385;10.185932029083997;1.705442975497041;-5.276349346548912
4.373426125823114;0.7354097621504665;6.2804842896639865;-1.4873764679064798;-5.9878589493558545
3.732577437686326;-1.7533263822434861;12.293980726922108;2.3568519275057014;-4.60365045827608
3.7291283684873027;-1.1063993004584296;5.668437987308485;-1.6893777715558074;-5.056183760370438
4.082735949953754;0.26402769890779204;6.5021061085307155;1.822076380164299;-2.316233285737834
4.074257371124914;-1.7754165442343972;13.788161450144242;0.3469828121257876;-4.323246362081905
3.7393794575098043;-1.6949133254121314;5.896027625507163;0.9423471896359564;-4.148264178887509
3.90209788191224;1.7614905896585633;2.012654512258896;-0.052633190455327106;-3.233153345165578
4.396990234863152;-0.26806743198354466;11.179745888073024;-0.9980818880650144;-5.0411809879503
3.4561228034463074;0.11819743594849524;7.6580589669761;-0.001192023725744007;-4.307113631954941
4.149916424245764;-0.8195950665608971;6.391323306492019;0.898084924321948;-3.787978586102339
4.159418789902384;-1.0653334597219317;8.853160630422003;1.8435965921952528;-5.325733069041449
4.34249047899071;1.3476788304968654;3.162790502267572;-0.036914853537742154;-5.782974062739152
4.443210509601977;0.4681366713784471;9.719524042427802;-0.06677843458270072;-3.7501442959548883
4.575300854264103;-1.8234434499545065;6.299784775512126;1.3169388222674194;-3.0467563350194613
4.177197229625313;-2.142923679780855;2.6359043444480825;-0.7589964460169025;-3.0517340322638997
4.185819980632137;0.023458701237394075;2.0503676282695507;4.215700667850999;-3.2300691403606727
3.267730103480154;-1.9323251613569048;5.300226779634299;1.5628536894393388;-4.672086516668481
4.763441594083592;-2.2359838708355793;5.126165703549905;1.2965184624623052;-5.242982443042791
5.074886947920503;-2.6313767179857024;13.456645496283599;1.826771067468904;-6.065346680077001
5.068866016450604;-1.2965810730732301;10.985598762397547;1.8905379234648445;-0.3067868254742643
4.974651133436326;-2.3549070925431894;11.668852982986703;0.8917110418796619;-3.0262055334634885
4.012613348436003;-1.2404695021019416;2.273423486365817;2.306163874646856;-3.388590937560814
4.569405057297292;-0.44975244952807164;11.980677817054335;3.0245074685328595;-5.509472925715142
4.178942532308278;-0.5051225210568602;17.145415875903456;2.4150977303475654;-2.5510411391535595
2.9416534508868244;0.17281047089736096;6.200058563140684;1.7405160768979993;-5.364908406857193
4.346173340760354;0.40508847501073836;0.38132062453089954;1.520074892109945;-4.739811438571171
4.6326631312854625;0.43715309737206737;9.799448978965865;1.2882634925749863;-3.1595770237748826
5.005194490735224;-1.1528342970083276;9.42247475744757;1.9865589828805068;-4.072463400762299
3.812413373611663;-1.8353575967219264;8.622597125510651;1.234891414873068;-3.703007206338015
3.774275119341174;0.435392782252707;7.01530788355996;2.2364843799997214;-6.100121023138556
4.077974779191649;0.10390350372529683;7.175140893543771;2.0991333441708706;-2.703167575537476
3.921784463012296;-1.7252196820591466;11.225790510900886;2.1776415330527588;-3.7661232207126782
4.107895612659874;-0.12738719346993327;7.8427130860264915;1.2710718891212673;-4.617578312075843
4.408945062224025;-1.393360922215983;1.773592719647965;-0.18671393832077865;-3.784306933008753
3.9750354905826417;-2.398406023841926;11.896862092725044;1.289798222440354;-4.122128466629109
4.119574386434011;0.41669547754269826;12.084641285444835;1.84053018297353;-2.7801423272177317
4.042247475696126;0.7114686316486873;6.30196569267564;-1.9683534323839356;-4.270143280256846
3.593025418126823;-0.823436901090143;9.89255993127107;-0.03161302839459912;-4.586677436783509
4.063224961778058;-0.15193427005669696;4.502778753569768;2.0768508750536987;-2.031124567893306
4.159262352680611;-1.3805514135265367;3.74065188234425;0.725593220704429;-3.496362335773916
5.161230982551419;-0.09402121543653646;2.441232847500927;0.8828160651603032;-4.0903164830480545
4.375958134403939;-0.9824060065377584;4.207640419919349;0.3945623485179204;-4.666733851592023
3.6955117516710096;-0.5683911101842194;-0.034068154705194864;0.9598834329195894;-4.88352964535151
3.476977027520753;-1.3987450130077757;6.7842390157292956;3.6051282238896505;-4.471815431051149
4.021730293789057;1.5689253618371544;3.330793469599769;-0.4022341233363469;-4.3546476361306
4.179978808615582;-0.9150009978191107;6.002959281799717;1.0441246206861714;-2.785358013672865
4.111590505935356;0.7892338587672474;14.760068354608098;0.08361060064497872;-5.229299192721962
4.1565910589070265;1.371522844215598;1.562272869357602;0.2130391693206818;-4.582397080247457
3.0901451694828204;-0.82743346052029;-3.1136386700641134;0.9121373521937342;-3.1348528310161843
5.247434144477727;1.323869166829157;10.944142421416503;0.4312244099796758;-2.8886409083093714
4.802336544161397;-1.8114091611493113;10.567996891856186;-0.7834571587597121;-4.004571076170848
3.8837539660540377;-1.348583068596693;3.311224844643501;-0.6586853591011286;-2.7585404860418494
3.4170170398843367;0.10736083115767109;7.289881225194905;1.3594272982434141;-2.172258447079236
4.25886546193095;0.456323285708439;7.078574738937618;3.0408897203104157;-5.0918666584608285
4.431224786077158;0.180026772052382;10.676845935290501;1.5296063058823977;-5.037793612795631
4.04090098186312;-0.06793596036291277;5.239834887425146;1.3431150439801711;-3.329198213089967
4.636278870040243;-1.02778947785396;3.2125483475462158;-0.3067966920867333;-3.66996616370716
3.3885924689917113;1.4932292996617833;3.6701262438905577;0.7444782937734984;-3.4968331893703763
4.184556769501006;-0.07800571949485674;-0.6677028707103707;1.9275977529851194;-2.448521940459849
5.420355963168651;-0.020881817809625614;9.036751997649619;0.43530325988237417;-3.815671020282657
4.042848739637673;-0.8661161150058931;8.023210929343215;0.35408148057241196;-5.42952135382946
4.574764211190706;-0.5788551779951898;2.069228337530621;-1.1165253695304918;-3.383511387876507
4.0187073619999385;-0.0624372859499448;7.525333178959282;0.39420194021832033;-4.453108464484352
3.7745765918110914;-0.8795704452337962;-1.1530812019545111;-0.8722879246787905;-3.430144718181708
5.19683452510675;1.6515029006417785;3.6545381733069378;0.646123026046916;-4.026534468280787
4.847178404694793;-0.25988192874877347;11.717243151593134;1.4592326834969123;-3.4380154418788225
3.6519461882925084;-1.106929096824292;4.857514021105676;2.286892504580223;-4.127998318931613
4.028836551804663;-1.360087869900941;8.094805677633708;-0.5629511399839504;-6.019065326486944
4.145781306669726;-0.823521662792897;-1.6603393298027518;1.5639928796303613;-4.478521076448756
4.673456220319265;0.073223293457027;10.648913988292204;-1.9258058429137674;-5.329326075652535
4.154661209041006;-1.247166282938414;2.458578059143106;1.9506632898779608;-4.856278084334331
3.7142157889447547;1.325683713963721;5.867483986847067;-0.3208821162527623;-2.864491354286551
4.79773245064803;-3.1310421835034026;12.632167732589572;0.6623012602921717;-5.849138572322728
3.542342288911904;-1.5741427169489264;3.792802894431656;0.039961297906696225;-4.609736037554217
4.343474132400019;-1.261483666768088;4.77035799893348;2.206541013915448;-4.331724606596617
3.9544966747519004;-1.6128438257316435;10.968063038424644;0.722399601371378;-3.026895226101639
5.232298412892877;-0.7908080798329877;0.7082986095093142;3.0436368711009845;-3.8113114983306544
4.148843127931826;-1.6953174833011881;9.04360493231443;0.22485686176354247;-2.060125052448933
4.8664564024864525;1.6124631428868417;4.191235496891087;0.06388086040027074;-5.585627141820488
4.2823016999445285;-0.1095125126173005;8.148992435069871;2.1914867321870073;-4.361519811230922
4.678411539215012;-1.4203937755585132;7.709584345543931;-0.4784292443151794;-3.870147058229507
5.563902565541357;-1.178085275435559;-0.6796575040314812;2.4731616307994493;-6.969529992201599
4.4403055181828375;-1.6286259508534404;8.855235901389506;0.297089867061944;-6.59534912305833
5.798734294468036;-1.0302747563254973;2.9404023407135846;0.4456640138054831;-1.3316634367368247
4.2078834274234715;-1.777067880751341;7.339014904659913;-1.2573740079200642;-4.235094094082619
4.027800901241599;-0.15694481363842055;7.995488605753675;2.1455246394378316;-4.509516846357611
5.4722734902951;0.2048467145394473;2.4530834139112097;-0.3497339518771516;-4.573060155773326
4.844419532948275;0.1270411511563327;7.3312007005803235;1.0151817243793064;-4.697599834897359
3.456324554448795;-0.9818019081592855;1.9457350856830224;-0.0656334042870772;-5.840441243563385
4.659586365489976;0.2991315759556538;7.297464109292337;2.3889341385171043;-4.8100313400593375
3.583892694391584;-0.21802760499044377;6.901538720367275;-0.1950734142509617;-4.145647325232185
4.498133935016927;-0.5449939520646532;8.790187587175534;-0.3524481912603755;-3.036983046457742
4.894097202380608;-0.32726073356092167;3.733437279398089;-1.2521386566072172;-5.051609188597803
3.532791582782554;0.07198522059274887;-0.21233080348608446;1.6912073288546752;-3.0003403334372525
3.818718475880583;-1.8979619810257555;5.60164378828541;3.817812000477648;-5.116650469152851
3.879355520464202;-0.6553972348648774;6.77870268595232;1.720710696834172;-5.897221734084824
3.861828409462125;-0.8449342792702574;4.773493187640802;1.76617717197714;-1.954143835639842
3.612511220877182;-1.6393252865707044;4.90427046638734;1.9315747967711054;-2.930277039905129
5.25360700078875;-1.6044332980110223;6.692023524881437;2.5327905849956007;-5.062615892090649
4.058198736642967;-0.5974264632758601;5.4189150440982115;-0.6538713424990945;-4.254888122706822
3.455780898577097;0.5321165937041963;3.833856502800021;1.0878909828492178;-3.7367739485488167
4.832008341909807;-1.9242693093792849;-0.1230144143933174;0.5029135374583764;-3.428383510905504
3.446429604804853;0.26570777652108907;-2.17269359432579;-0.9084351893576932;-4.347187344112126
4.3435956492665495;-0.41235051613303186;6.454544392729209;0.004383828538127688;-1.245649715194133
4.677822673997692;0.5004036086639523;-0.6449788038515614;0.6770702709765151;-4.786241007595309
5.000392180400168;-0.5463081937145087;1.1308200198992715;-0.12047621444049761;-4.817593719261157
5.314836839092417;-1.486384104578259;1.8433380607292698;-0.0409276524667852;-4.9161035339607615
3.9755204393835273;-0.9074884013334508;3.18215872892514;1.263113504656478;-6.323143685368677
4.037843510754796;-0.1882200541408241;8.18423491075854;2.44730171851939;-3.668806076978586
4.547088443060034;0.3324150578529848;-1.4559337266313852;0.3237308026846574;-4.172014238370054
4.4877809323778;-0.5331576913410738;5.616076025086734;-1.030451287863868;-1.6167022261978525
5.070568469997788;0.7261916668965684;5.875034318796069;-0.6290733298692253;-3.449665211222113
4.343520670139639;-0.14403107969793666;9.892197647950447;-1.3782066611085166;-4.729536523832407
3.8747022705565577;-0.3332869983213629;6.5729430943322225;1.5178861756473658;-2.1883108019839366
3.6430813421579034;-0.6216632758572825;3.895860494502824;0.4796574706189785;-5.1589043032023545
4.533134762881898;-1.4066497565737524;11.990022580492585;-0.31527394000775455;-2.427871695272266
4.6154392438596945;-0.49842825115231143;4.387777533116813;-0.39189480891681816;-2.77517627276986
4.974455324203642;-0.25318869054536963;8.18262053439625;-0.15974357478568257;-5.185184473747448
3.3279184364840266;-1.3688525282987283;6.68644639420793;1.9787676786992967;-4.6905666620929045
3.881981044694053;1.5431579508524045;4.944058001960318;-0.5486545606738964;-3.2969119473455435
4.917094829238193;-1.7838963049518757;3.579654748748995;-0.003108343391347579;-4.484007752556327
3.5986283355789084;0.7037212314941166;2.1307218789270967;-0.9525460044470264;-4.935187717690708
4.024492091664014;0.2566480378051799;1.9268180239268196;-0.060890902692585014;-3.3424896141156877
3.9419509288802415;-0.5863988259456604;14.94769986801434;0.40880074520781545;-5.379995915794263
4.4763698436351955;0.9300029500789802;8.151758162373397;2.076767274273667;-3.2632245222767775
4.311325223329326;-0.8826169614814181;8.57110497248173;1.1421181268823042;-3.9633251025599634
4.736776369062608;-0.945006466776398;7.379041738641252;0.8614756350314052;-4.5908861708162165
3.3865676095074457;0.2133617093588595;5.752664756689848;0.7906591685412618;-2.523694770925048
3.798485314044121;-0.4659428659139262;10.502897281100502;1.4707166133250158;-3.377054082136241
4.480751409084682;2.06241015427551;-3.4370644619479576;1.8855034332809995;-1.8548500477945629
5.0646885572785525;-2.1585168666399395;11.9514442544742;2.13536363495491;-4.544436331365313
4.062623679208225;-0.9733750014008324;8.248927044311941;1.525104187868903;-4.286187161644897
4.3485303459159566;-1.5850931327618096;1.2972560461226657;0.5176800558604817;-5.8834163226173395
3.433629140759582;-2.280740657953609;2.705256410029839;1.1055236139009348;-3.152419498543484
4.668035540819795;-1.629612646616265;5.55733994083713;2.46643607615521;-2.4828438449658314
4.6638041349520485;-0.2713442326070602;10.502434089061634;0.41414320475571004;-5.45560738283576
3.8476781319925286;0.2949413521094561;16.171339291398642;0.9652504908663504;-6.270584789181627
3.8139826240006425;-0.7305240560836546;9.265894205942635;4.075853378235327;-2.5536223572256636
5.098182896914153;0.8388631223277492;6.9825293286955485;0.0743860075725119;-4.180431353190428
3.635764508612945;-0.9242602361733326;8.451006742156977;-1.5057315478794087;-3.9798948127534275
3.8442437282404054;-0.9952808967496809;8.719812592122521;0.8637642594255395;-6.5762636963308765
5.032438373088377;-0.7483079687153623;7.913433141202892;0.17191072630474014;-2.5323068322078957
3.620607165971933;-0.8735659150175061;8.419507063797163;2.301446948912063;-3.3808416142169087
3.420191052060102;-1.7022848583296573;7.810751580761417;-0.43928609090885296;-3.5720000660025817
5.028205251991922;-0.9491346323663454;6.9680498215507605;-0.476540360794917;-3.5270528834558936
4.445306977592549;1.17260205844306;3.931732734769117;-0.7724890866886267;-4.207529468929433
3.88571209070724;-0.42636773232304737;10.050550957666681;-0.7822021344701655;-3.0281387780454754
4.342255703266019;0.5811279450449391;3.87190353859326;0.512993562648543;-4.499787042681976
3.8442989604193736;-2.4088932216662142;8.077351839541421;1.494608411216397;-3.358004272829566
3.7498113158726247;-1.184851498403756;2.6031667328385693;2.1931448758145837;-4.172381341609853
4.710983752719436;-1.7730203159019393;6.024773848667314;1.6635202455363622;-2.7329251521654956
5.577603893643747;2.4535557868544604;6.0713093430832545;1.869347630984851;-3.6219537593186377
3.8431281394122827;1.0769393011470012;5.563419929517669;0.2511327048891054;-4.661098489761296
3.1499194833012267;-0.1642925826553706;4.429539311628648;0.8876851443565157;-2.7178836444445524
4.5228783635021355;0.3969655710484616;8.236244744415352;2.181485566651501;-0.8801997852068548
4.020619482411101;0.016919941714086506;8.65479696393028;-0.9840899023273868;-3.38935095665584
4.411805357958921;0.550415035444181;8.255713450047953;2.064204007150521;-5.7987994299814565
4.980960022848796;-1.6730989093860558;8.685053262079293;-0.4808053513343744;-4.171717910315764
5.357490414812521;-2.3472679518389974;4.805109506994119;0.7489523623780614;-3.0631726106245747
4.586439408394996;-1.248101465325034;9.71051193218027;0.23443775053295152;-1.283202124199716
4.281879332252823;0.30612665599462746;2.7090319095621322;1.1761006475719094;-4.551302148546878
4.278059741685707;-0.4338401035632211;2.420025083723507;1.0892459265991972;-4.5405825483052915
4.737382641788863;1.8416520662924054;5.624069312555025;1.1104893942683869;-5.028610026748157
3.9912448736096944;0.12921856358138356;5.595617860954354;2.857169948492574;-3.929772418228249
4.281307368764894;-1.4336858709095568;11.454263080579693;3.0603180657940925;-4.102930247604235
4.6636875832750935;-0.3315258769742716;14.647113235723285;2.4734138140370083;-5.245401275693151
5.666590796789069;0.43723521856503983;7.9199186775231665;1.0852963528300266;-5.686025460559969
4.174316369606297;0.9796283264280172;2.0208890941035733;0.47401181449374136;-5.175515997126498
3.468432821249068;0.9745584457143619;9.088108055961786;3.433763148113484;-3.747830583064259
5.127673876985167;-1.8615233356417622;7.011465776138201;-0.05948539006450204;-4.462654247812625
3.774287222054509;0.2997301686144798;8.392487163965903;0.5639463296785379;-2.0758172481850092
3.8353775016681024;-0.35172267404218327;3.760171566340361;1.7149833469522888;-5.93767899128016
5.068837271722301;-0.5699403180120048;8.233975225628033;-0.011842513053435866;-3.4230871744111644
4.1181826239146755;-2.279742261863129;4.395408514317692;1.5703146189111066;-2.875307411472867
5.99278565655279;0.5041014016197092;0.399955029365449;1.3695475745805799;-4.330611204455153
5.01959791202862;-0.7715705622499103;4.165356755801983;0.5001931656194003;-5.29319404392572
4.657182971489558;-1.5815275896428402;6.013801443418648;1.7148826376693327;-3.134973709447523
3.7768100870280663;-0.6435582496055282;4.647888186436064;2.566870208066935;-4.795408989961462
4.316254768377943;-0.6782784854021725;7.900474623910406;1.2460258787781169;-3.792753562986775
4.440769561009175;-0.050177419447982596;8.165797455705086;-0.5765605633348236;-2.936607342124489
4.411975698035667;0.8536835351373266;3.042631500185966;0.954006723202352;-6.8116997566751305
3.8324247364867263;0.019355636437536627;10.102237118094173;0.3695052364089189;-4.18267981728158
4.014341552458706;-0.38176694205061035;8.406299061035467;-0.8601719226118447;-5.298524760854546
4.031786526153944;0.34245984683664105;7.917286341914376;0.025356877603005756;-5.340844377277822
5.217346970831748;0.7860545073891714;12.793539804804912;0.008462950497463817;-5.126167828755459
4.332162534205062;0.04296661795549156;6.527147743062594;2.549850117919411;-4.193136609201024
4.301148405861168;0.3724038552132128;12.15426792993031;-0.26422739219216185;-3.0110849445442636
5.074296325771569;0.4990693682495399;7.592043171703873;0.6964431266592769;-5.010532192131003
5.049730625042653;-0.5143863975119113;6.21578764210199;1.6067583581748894;-3.60723487140259
4.484003415130886;0.6797345815026776;10.028138071562712;-0.3217639382264238;-2.9671764238981906
4.414942496139478;0.37010041231276164;5.186526747141724;1.0002700317109823;-5.082121702708106
4.540157780072483;-2.1673273735496816;2.4994330488998155;0.5127906367604615;-4.926265947841826
4.246405615411988;1.9190054885874537;10.204556019234733;1.5774622180221582;-2.4990567708843328
5.126791552967983;-0.7685956706830127;1.8084755080985486;2.931444899237941;-7.2798968631918
4.783852560321474;-1.4715344551485248;8.73955653466006;-1.8584532207909514;-5.2624263057668355
3.809228724809649;-1.9901801976084275;9.473315605755156;0.8396764997798185;-1.412204714844178
4.203355883628178;-1.195655182052978;4.601137973763017;0.8908365580324025;-3.877663126672053
3.7970929718653452;0.11957460934624381;0.9150646536373515;2.880185794083281;-4.995381628713365
4.234964794425182;0.10114745185534096;7.594719908355588;0.7037874371675449;-2.70006918738747
3.4639302264103438;0.04203851720863788;3.0584659192870145;-0.5494359179084034;-4.27539269536655
4.842049074791113;-2.6336817974156754;15.704962713937118;-0.5463461234154301;-2.9849146288746953
4.0531448191778265;-0.7957691211926046;13.177409695508388;0.9547637813406809;-4.288462380183838
3.7338273791300036;-1.339356767725442;5.497077511993378;0.5445488170552077;-4.6056556593533164
3.9528983992380677;-0.6978372295668303;7.622138693876256;-0.36188273824299544;-5.0986105670739965
3.738111046509894;-0.9467874009417974;8.765847943638267;3.2682900497031264;-7.568488449943141
4.060013876819714;-0.9458930048630451;6.210609607556894;0.32752778375476066;-3.9160906287231843
3.986917800745016;0.5754231787888775;4.729803739796095;1.355976492790728;-3.263315868773725
4.095364417188934;1.5188246748585852;6.813909193705845;0.5492312280436958;-3.9681319835545326
4.532398860825636;0.17212907439151587;4.109553569709598;1.2046491938901656;-4.978802438328019
3.7228406114595494;0.5596476458310848;2.03487383709834;0.571812164536055;-2.763034379312727
3.5212088749449406;0.20968505531113651;4.583640718851604;2.8449999238543144;-4.778100769212595
4.88471600735959;2.196210820427576;3.2334900464777587;1.0699311939963152;-4.22504243680463
3.6268371290873556;0.3413983153663494;11.178543230752423;-0.16430710262603454;-3.2462887864423706
4.414910345372625;-0.08058456204153425;4.142280568236089;0.6249760735510189;-2.254051779807991
4.412094290976814;-0.12125355461130816;5.14601013035798;1.6072838681996156;-4.024785364754596
3.7826752474319694;-0.9841880470306978;6.030190912592813;0.4076182276307766;-5.668572203973158
4.60244772923579;-0.7124104293652269;8.54176967139934;1.3105212296272912;-5.697239054822557
3.420152219267025;0.16925492204567233;9.41559027870017;-0.49456254379572506;-5.611795771267641
4.1421348982594335;-0.974697530626145;8.101010399883654;1.0242147803065949;-4.381425065899818
3.5271666475109233;-0.03407248805881741;4.223919474862152;1.8297885784733825;-4.389725569611826
3.818228661962792;-1.2423693958098798;8.572664390775234;-0.06661509040626834;-4.772608535717519
3.4200598521254877;1.3100763489337912;3.521873257412929;2.3878271667619906;-5.021446675133021
3.384384252793895;0.7371643721132328;5.08121859377631;1.7284509052950205;-4.804887964942069
3.771443016440846;-0.4714780813737966;-4.474940432047046;0.5708653944490972;-7.108175531393817
3.0737170040085458;0.46741811110078385;11.801406120892567;0.9316273497262444;-3.4192800109704224
4.201326082916566;0.6259890317496404;2.3222841382207875;1.3338228448000025;-4.85446499153672
4.41715726256878;-1.4131134005499932;9.165586388100273;2.7826130115066974;-3.4852584453151776
4.913715603333714;-0.33830851459932826;4.396989600283648;2.128338810948477;-4.215134826410371
3.577587934288568;-0.06679512031572477;10.769804378609425;-1.8977239834062167;-5.621428950112552
4.0080970035766965;-1.9780853134074425;8.024316819440646;-1.2940683671479734;-3.3936583229391832
5.123823168689421;-0.1294960081212801;16.669223493780482;2.0068370572993635;-5.502544811567557
4.397980273018959;-0.35611699572478894;7.256342843221269;0.47594161902535653;-2.8612619847146057
4.336841772528476;-1.8357141523782745;-5.304584963234489;1.2276058944187382;-5.7979674861311326
2.867964301472883;-0.15183081516588887;7.63530822421319;2.2169043462919924;-4.223897891484476
4.204983398908213;1.3690793726732415;3.528531251837657;0.5820822742790793;-4.802549742068498
4.049417659072784;0.5579654907325993;4.733389279125339;2.1799489078276286;-3.4624236253619394
3.6541717070759177;-1.1253853484762395;4.398100373910751;-0.6643145382559938;-4.100997354822418
4.050712295696483;-0.08306081939077886;9.217294036947932;1.3813098006696751;-5.724230185673907
5.0714334399353;-3.3499038289046847;8.419844654172827;0.3320747160806909;-5.688778220203837
4.552315528927429;-0.1926461040331086;13.450148627322658;0.9750402662977306;-4.046581128809209
4.751817703933688;-1.0338608782082868;5.2481246697389015;1.6879903137673633;-3.2730958090513456
3.9763816177909597;-0.5940469123171019;4.92311553856864;1.545539765772162;-3.442444416642833
3.898162933118899;1.0907056187663544;2.3799914921679237;0.11684740799952997;-4.105067721846242
4.681436910072543;0.5238863711665107;8.123105619608348;0.3056761636378959;-3.331736485104388
5.493549370409058;-0.5588238397362743;8.590304791131217;1.6434633527504598;-1.5077215059418219
4.108894364533959;0.8481807793591303;-2.650623646070394;0.9489338886014727;-3.837947458409129
5.34180054790354;0.6950845187120265;6.8283989994067005;1.3005215476318392;-4.36389881985743
4.400681199481246;-0.7548163362460107;7.609108867794333;1.429689789799194;-3.291424089232871
4.015745399365055;-1.1593916604038037;4.6396361118143234;0.7232177209016499;-2.304496325236687
5.287710212537493;-2.2027079816547768;4.280202439494804;0.8672504494676085;-2.6467439186409223
3.830187036488356;-2.1080166396633078;5.624777724969795;0.780400125508887;-5.5155581837422964
4.879071870862378;-1.1056129599414668;6.775232473938929;0.4607021476483848;-6.335822478101155
4.518145546315877;-1.183752350291147;8.558275420441035;-0.09461672207113847;-3.461905563718327
4.159283788859424;0.26857556137439026;5.663089653901977;0.029452858360840994;-4.986822394004527
2.3749391631259855;1.5223599098540843;11.172406712358455;-0.40804297167885495;-3.6653498552202888
4.486641674757614;0.6096493463130097;1.61954726117387;0.6289835393420251;-5.7897642562102885
4.479813781269412;0.9421963088770451;10.332216836184248;0.03675785401036957;-3.1541508322742873
3.3638399252567255;0.5784355502366894;11.501733750979913;-1.6817812844192745;-4.395740520106708
3.1514195257870496;-1.9312982327571468;5.958295104104527;0.04884369190367843;-3.9210025652208063
4.4454708082793015;-1.2100510249972483;0.3493308447038297;-0.2106594828775754;-5.008114698509734
3.6696832572367635;-0.7728336868273528;9.308337140075903;0.74327988565305;-4.680919803927665
4.035778961584632;-0.839391618158687;11.33225278119546;2.576578928973671;-1.5341372561421611
4.392708285442324;2.3321174157336784;5.733618640104552;0.4817118830370428;-6.268947473405859
4.521907794634582;-0.9248427110714503;6.007649943810165;-1.8141157046461591;-7.04955008465009
3.941706917225585;-1.6902379810005335;11.181324743601959;0.9314847744583736;-4.784567783729857
4.322380847961469;-1.5104610836991295;14.7764643638439;1.372256639875732;-3.2183175874163057
4.089833372118345;1.4615251397175753;0.4182655630922243;0.1703994864326241;-2.3300958552755673
3.7837165433574462;0.3823856328844694;6.185266969948856;0.8823414959105421;-4.6067771869176655
3.684923397452275;-2.410011818209056;8.009627243138409;-1.039296171722567;-5.580760754141806
4.303659747807959;2.401483937896352;8.385983571064315;-2.057910973512816;-3.0894414578540914
2.685009688024034;-0.7173085082634088;13.145108303639924;0.12259088087489356;-4.975559801391886
3.7698562786883687;-0.17565531104150534;13.964072693113792;-1.04281366923044;-4.176086384827083
5.351685263248915;-2.963120229011381;6.978634238179801;1.4911141763187148;-4.5947611263081525
2.899135919448873;-1.8637453283436725;11.582331397231;0.9221936853620458;-4.722740380419438
5.169588270269312;0.4918396475828401;5.4218824189813795;0.33391126064846155;-3.5381569591787865
5.104890183994096;-0.26895725947242843;6.975844240363857;-1.1894219351200497;-4.817245723565602
4.253033870228523;-0.6622392084301545;3.2609935153665095;1.8629138474849052;-6.007139116110685
4.559195980405172;0.332498595810711;11.227321212386515;-0.17839372162353673;-2.9561915991560355
5.555976181602914;-2.392911554603673;5.572731967507757;1.9587234258710406;-5.392803464761766
4.2634275400817065;-1.6407505016892492;5.874744591656895;1.8740665908806933;-3.8993882085142437
5.147582737901221;-0.8908921109797385;4.120238812178632;-0.7693208994871805;-6.214806015835645
3.5545238196609317;-2.164803531835732;2.874458092877191;1.6623671352192126;-4.385690981353387
3.680165824812929;-1.1860136090277213;9.30587803115591;2.9619377433912035;-4.6023834045310705
4.241104880358751;-0.4014415788313017;4.832291564297029;0.7303996008987653;-4.866988272240457
4.34460870721495;-0.23559118203574814;-1.1558197789177829;-0.8922137261189602;-2.5481993016335514
4.51299439736597;0.7067199202709709;9.782259760919606;0.1693573927024648;-4.353840253493489
4.587620528879523;-0.24961379374056467;8.141261297469782;-1.0262458572288464;-5.36521759516903
4.504650151362102;1.0358085723531196;12.391493469595025;2.8749575366000544;-4.44028082543212
4.48392455133615;-0.8872187004010601;1.897538819457587;1.680664156292207;-5.522350744488641
4.4898764294851095;-2.2173177863390623;4.939622879668598;-0.060075730555554374;-3.47754211132319
4.395152773556246;1.116821077417308;7.040703372777835;0.7103839873881118;-4.884839663535872
5.010548246023792;0.35629566106526106;13.595754212942449;1.9752951743186489;-3.5699973777554344
5.056563139103354;-0.19565791340605215;9.810690442482823;-1.4205887051408779;-5.254984249488451
3.7139504721001013;-0.1807666104144799;12.872114641891873;1.533346507132415;-4.573340058325238
4.177092565575052;0.9769961311760831;5.548988698217923;-0.14165010935503597;-2.7175123149404214
4.471361913929207;-0.21774676484285838;9.735998071122136;0.16244948458899805;-4.629505597081179
4.998723389192171;-0.7353422329485078;6.3501225682;-1.314877632609077;-6.3750650206521415
3.5929210005054686;-0.8074879914895677;4.765850557460138;0.22598404024117835;-4.032826349201516
5.202828533785674;1.1844469201984495;7.575311095403727;0.3704975062337338;-6.1217628435294165
5.020440999074291;0.12078383236363949;6.736235115218433;2.483809981366403;-5.093836823867496
4.410505833619111;-0.050020286695468985;4.130060565928709;0.4211748574249541;-5.568562771591081
4.353153753670734;-0.5687710623657343;1.5739282142665063;0.7893944991844544;-4.339380003387768
4.12548259521276;1.5857716816441385;5.341673351782786;1.5410767218742452;-2.533326400858383
3.6589172771022125;1.1708276142805447;7.943728010039949;2.117233837082322;-5.435316437803866
2.9131225844982938;1.2517361455969804;7.506237379018611;0.6327167785128998;-5.256284093345467
5.301177672071185;-0.18597409780149937;10.755694693047193;-0.5601362038551057;-4.8239403970579025
4.2688933981283785;-0.9218183011197887;9.402713031819447;-1.5603165385348203;-4.993921474981435
4.697225008887764;0.13712030074094167;9.07374784368416;-0.44060117426983747;-3.5399233356570887
4.188571660340743;-2.456094564945002;4.588671919873066;1.7765378751512342;-5.745437843898024
3.6051458786807404;-0.3980012066684564;3.539900483182366;-2.409073783793401;-3.147830953690075
4.611789702136076;-0.98082604810656;7.859285173387692;-0.9767908432429622;-4.848464496508162
5.014045566624058;-0.04922233276587068;9.049632775006037;1.4065326063483878;-2.57915197482002
3.476189364600378;-1.552462020538698;4.9940438909782365;0.33852548668535876;-2.9112068046206705
4.157477592364195;0.7500251755389242;3.980546506493168;-0.1602876729860414;-4.5685965023878445
5.115220634246581;1.2038961978212808;8.418169972547567;1.815819872232413;-5.581952298277928
5.024013207043582;-0.4834029464375504;14.938248509597582;0.8355315466772413;-2.701293511392316
4.30994827939392;-1.8395647283000072;5.202328096229113;1.9079180098468944;-5.029427236636507
4.417841140955561;-2.849614654691997;6.239465253570708;-0.15456328745172976;-3.689944785348795
4.945453229964524;0.5205406787395177;10.598759222970958;-0.35789554695033354;-4.41780398104286
4.531835150222939;-1.3584357080633926;7.925908367616095;3.949813304184965;-3.4694138951526585
4.439223457969027;0.3859914592234565;6.728261115827776;-0.8366709638689016;-3.897450747002343
4.349040899877031;-1.0303458423885612;7.560448115710143;0.35297296796898403;-4.770778308559908
3.717150687238462;-0.8365963984994207;6.884471619781756;-0.7388432454184399;-5.925081978935759
3.7350338106113337;-1.3299786204688113;9.449758475083584;1.3256106167900925;-3.149602342500059
3.9255930950119113;-0.049049813468718506;1.0515544600238123;-0.5863934143112011;-3.5293528543557273
4.9520065310531765;-0.994111633793102;7.56586510766521;-1.703825643206981;-1.6312963261031062
3.6691573211953186;-0.8473853697135809;7.6916318483961215;-2.3776613394244848;-4.40176545366481
5.259019047081117;1.205283878667179;7.166316116767427;-0.034408101557523496;-3.8908394252306304
5.0971324531640105;1.48651230735212;-0.9492259992159742;0.7036813623655329;-4.789399174637893
4.168438460092484;0.6522211835641314;8.147036151493294;-1.039356608841011;-3.4205557944144473
4.416775445376431;-1.3040713898348544;2.0086347143569876;0.8275335408521094;-2.7213074392022447
4.672897665695684;0.20853592767581303;5.422734006898775;1.245250290085869;-3.3847090130553803
4.362519361406324;-0.32419041291151296;6.634999086582037;0.9872478503926373;-3.9626246749407947
3.796603939303001;-0.8053882958534144;7.876992151803975;1.3159185386589694;-4.588222359406211
4.413974816902505;-0.5862816541635738;3.9795383605161803;0.6074639227921328;-4.409185109243904
3.6286859484147485;0.2608670666917941;4.620061491637626;-0.25387128409339466;-4.332105940184631
4.247684653716364;0.06408749322598334;5.273945367169111;-1.164008465787241;-3.255660552011525
4.934628301293287;-0.4655894417679957;8.910856350913347;-0.19437868337211583;-5.715564673820149
3.4889896389486355;-1.2821406941211828;7.006111536354551;-0.28498241194107876;-4.55035450031664
4.518710212975212;-0.6971496154242726;7.323812519022778;-0.07366137818419771;-4.678157889557926
4.822474762293063;-1.0288988811495052;5.615898568699989;-2.5453372170465958;-2.2668007049247745
4.562132080183013;0.8534318160318051;3.9021595899531305;-0.4916820449217081;-5.7484848050919215
3.1302158169150935;0.322410096813643;9.815620923482308;2.469699983969643;-3.598954581577476
4.185693327763418;0.21971985089483465;8.450817084610906;2.116952718255158;-3.007221723160762
3.6232434394610684;-1.917099092937971;2.2635964501147807;2.211204066872907;-7.131163506541743
4.489561655206206;-0.8335700459676019;7.7184897760408475;0.8450018374255888;-4.418871108381537
4.022386647396714;-0.7870380940713102;4.896539588496966;-0.11175822820522219;-6.03694750611377
4.730859876879603;-1.1491676962737152;5.133029004238457;-0.7676670768906018;-4.521983697775542
3.775278812974377;-0.7452629000495374;9.385355581607012;-1.3529143356384103;-4.5359637996624675
4.616587162747683;0.6291479583139308;5.550355486592873;-1.2238925811695542;-4.5558071924214545
4.54046887525941;-1.1014247250483786;-0.859732102569911;0.6031493071018019;-3.9752244828552143
3.588493259143645;0.04097403485182344;0.9900174431415616;1.4880926097000735;-2.2308730194457587
3.6467995467693535;-0.804326233927994;5.934869671869168;1.2487376141260256;-5.024918700649747
3.443224077064545;1.9029889021361555;6.642571689273138;2.2272144920351726;-0.5497237321375694
3.2744662423714357;0.5114494032836241;3.2460822835854914;0.341997592306152;-4.149181431795623
4.121956239772204;-0.33312861864230076;5.36370293445437;0.9634997305270151;-4.76851469386409
4.632527320347847;1.531133932425458;0.6974622582726946;1.1513368530766253;-4.706341438451198
4.866834851134545;-1.4496866539069828;1.4629012203729825;1.356926927700024;-3.922278536279771
4.956152089812508;-0.7036342319565054;9.069506303224916;3.3027192704047605;-4.796601794805363
4.964749036467541;-0.800661973359702;0.9728905669558108;0.2696082522913589;-4.947351585469923
5.158250384141318;-0.2738675631482702;5.018373940525839;2.2334183464373227;-4.198846341896538
4.233474671679957;0.04658592826874558;1.0406649073499423;0.43889077653169895;-4.155866143588162
3.91094586105759;-0.6456955287305739;4.066034338511799;0.4188665540128348;-5.248537347846842
4.113470965930015;-0.8632359854943457;1.3882153729188706;0.23310246586500993;-5.317090293219396
4.239442293845205;0.16159000933427464;3.7066154647382192;0.11887748008709476;-5.0727015017903865
4.362620156565475;0.8168577048572037;4.20768303884921;1.6608619272162657;-5.145433660790362
4.731688798783106;0.0812162406012939;5.6722479371675645;0.40119247589296414;-5.4305173261629704
3.938808071261909;-0.3131155117927501;-1.3920612046230554;1.5802384947216286;-3.106289337294667
3.648976130678278;0.28021638136199906;5.325418418947356;-0.05783502821994946;-3.7997246263873135
3.8805493896334475;1.9382740557344411;2.7676200558539725;1.733669866630265;-4.13487306077802
4.758266172144473;-0.7141881678517689;2.3603526841692597;-0.7833309902979595;-4.371053997848224
4.366916981031192;0.974017089580733;5.376043595311288;0.882662092389045;-4.371776117262001
4.917887437462891;0.8202971322419992;-3.259646170541793;3.113319743122962;-5.945978470282155
4.674769142359918;-0.4243030216075152;9.346957990171944;1.692109484998474;-3.019606523234185
4.804317808966772;-2.266561870674668;6.634267989246178;-0.14158001554728894;-6.133551216912293
2.766365228945337;-0.9195108769415897;11.229382873416402;-0.8480314804075519;-6.938226291153114
4.032446941848685;-0.3231120499636876;10.822758396484772;0.9571872843069659;-5.275064606496544
4.293627082348252;-0.7799638298584093;3.2977289494999655;-1.0254881432656637;-4.61435576004527
4.331454501446389;-2.251898301239952;1.4600459123178728;0.40181624777949465;-3.2403670729132874
4.189085325839542;-0.047077105754156634;4.634952156735392;1.541986357504875;-5.423747109513117
4.698588185156479;1.1064935262716262;11.59113377733851;2.0902890696041494;-4.8683839209505315
3.789888511103663;0.020801999752609934;3.4984017807755037;-0.10346310472037712;-5.760957787995316
4.613470135956154;0.20849932458959902;5.84488875669617;1.807856186823468;-3.9460685395959576
4.608207388364076;-0.3867864012963017;7.490428156936017;1.3748401823894083;-5.239168681929704
3.7547530509214657;-1.1100635154321512;10.15014829770739;1.030717900636913;-4.4029843006717355
4.715360394122715;1.0004831546894974;4.426051087562076;-1.7340984900688465;-3.9037049639720607
4.623832253679882;0.3266958349949259;-1.0495408471739838;-1.0107038428233779;-5.321530448131621
4.325329020324955;-1.2269839308873898;4.997704942708539;2.2285829931322714;-3.898471930372109
4.008484497802712;-0.7881366143172228;3.658380115532737;-0.9489136443526318;-5.383625032944431
4.352716980039434;0.5886559601641539;4.45708444882217;1.4687202430551274;-3.0877969769814664
4.491258269911172;-1.9108397177751943;-1.2807071981845555;1.0341107632451747;-5.8029623251650255
3.945041153058109;-0.6202966347277606;10.436881070565734;-1.290947124972739;-3.9025988628375052
4.1144931281339066;-0.8329015618297633;7.838194360707819;1.5309898646689484;-3.648486925662415
3.711218102751112;0.4591191318955529;9.357570683549227;-0.9288955641300989;-5.542169765702172
3.9248673822948286;2.5166071861187396;4.50558833453488;1.0917722021623237;-3.744027339249711
3.3686733145828582;-1.1830804913301713;11.121309551295866;-0.1134885369017512;-5.174185452519081
6.233471934520362;-1.7098299373421475;8.090329098895761;0.7845919441142492;-4.445769408555524
4.578657262729751;0.8793289873789165;7.973095945042967;-0.8468527650378597;-3.3990361220515344
5.30708173031455;-0.4747750969979303;4.385640098185121;3.091466011898702;-4.589860654212691
4.009745255028546;0.43674448560039764;9.261921916258997;-0.00452415453373789;-4.232027873080412
4.178771410206503;-0.3878729246373833;9.827377732601509;1.2289583273374065;-4.8780357278595865
4.20648944028767;-0.5913527460597667;5.945509568598139;1.0318926237264163;-5.105415313315242
4.990270672069443;0.63594574296772;4.456441344219027;-0.6454931186790465;-2.76662927932101
4.29872229315942;2.589979547807012;7.460191194326318;-0.113595256716304;-4.194924779885141
4.245104889451491;0.10728128409882248;3.553989943304613;0.7059160891313424;-2.0051900014293
3.202596361012767;2.351716214768801;10.013184381152161;1.612888920670977;-3.247029874225938
4.14065612081959;-1.1096271374114985;7.5131567350050945;-0.6506048132179276;-4.995412698223211
3.8398010505867823;-0.5195052955649563;8.166384425262967;0.9871926437751024;-3.4671920845734596
4.960689613081975;-0.8877582555384209;5.757491386819018;0.4845715588534573;-5.239255799741745
4.249885373840817;0.1871799617731173;4.538861720194337;1.284681661514173;-3.7111845859370263
3.261527836905569;0.5343122042251298;7.835727619166548;0.7642184115071871;-3.1326060094515134
4.419180523961838;-0.009550926613060673;8.602189724513517;1.9559198521150367;-4.037149794951283
5.456605222819508;0.8321906364710361;4.970528054540933;2.256830204668169;-5.1996385376441445
4.192469671187559;-1.7161641723126921;6.024243326933452;1.6462235569066135;-4.752902840882627
4.508349409889232;-0.30824876984646254;3.8533911487493007;0.34595446436895627;-4.932895143152901
3.501130100419134;-1.1325537989866867;13.008233743986754;-0.4423458117804182;-2.51938118768166
4.104313607134324;-1.8227486858256137;4.509524027633777;0.5097979407865241;-3.9641975716463396
3.2562745077024373;-0.4288672906533206;9.662665147382523;0.29858331907622965;-5.357511745470858
3.6439218851927153;-1.1865773737460967;8.197680584131817;-1.7592066901099102;-3.0440930232098067
4.640155550459354;-1.1811104855570504;7.029955914508712;0.19501633904356658;-5.018918017172033
4.269175618076193;1.7184139131455842;6.282441186695232;0.9274626580745644;-4.514380913394349
3.092047379862762;-0.8556490927857978;5.19890873981618;2.3700431498663947;-2.492276556908049
4.5591776201189145;-1.0966286736535609;5.987988981310029;0.7103639129462684;-3.711255587864188
3.373462985429636;1.0886345443295793;0.5158843238491988;0.2609870898734853;-2.790385910254236
4.571366170196146;0.6029440898784963;4.804976760086975;-1.4144542818335786;-4.541237737220824
4.022881260223982;-0.0010847849538397347;11.546844984321314;0.8512982181535181;-3.9917442041145734
3.5352496794901507;-0.5699774049061497;6.687091017916493;0.6790493800490806;-3.786543171568012
4.47235465210256;-0.05245060464232987;14.834192898844488;-0.7947023372927882;-2.4443182813687967
4.483624189846791;-1.452153729257729;6.31849917367223;1.647412866762549;-3.2017564847975493
3.877615739270129;0.09533480760610308;6.745016253168066;0.39439272921308355;-4.5884838870530755
3.527265969454026;0.021990979999640947;11.402178361430536;-0.754501940632496;-4.87545622597032
3.4921526018456026;-0.5908156891024053;6.6809171816793445;-0.5446524790464771;-2.4153173528747667
4.161305752079088;-1.9246315473227982;4.883635728456529;2.4513392233752063;-2.79503067703581
4.0845228645285685;0.6326188225671743;-1.8624349726933067;1.4348628498301637;-4.9003868785552545
4.647950907533941;-2.43396089508882;12.379732592805087;1.7993137914794828;-3.2283080433357303
4.356424588843925;0.45549687891679697;-1.1206496498116376;1.700771590118481;-5.521603420369724
4.303042462239199;-0.09179802403825083;5.07173326661129;0.21849403630735892;-5.091301185001287
3.609098080247623;1.4174069305782069;2.124416653009204;2.099080057844547;-5.225478076493744
3.2635042745112455;0.02221128673473388;7.665251477095725;1.910400398542266;-3.6579899852775157
4.248339113485374;-0.6372913655613485;11.801004173793771;2.843944385160862;-1.3155319298341732
4.697432619096111;-0.44325486565470734;8.347812795158987;0.7880465196924229;-3.475285206312019
4.286600005583898;-1.880492541368525;3.0502141318354252;0.0604319334092851;-3.7061387823714202
4.1392829940692755;-2.1549766845930023;0.9730485138431302;1.6513918039911404;-4.527015539595379
3.90641019996856;-0.9073074490790471;4.803257937475426;0.35154479848655884;-2.1590198732668373
4.452080107136687;-0.21338256169100384;8.10194631291817;-0.5058358699989136;-4.008026794574763
3.4279928649376386;0.46251383980824917;4.599536592573392;-4.1024214952069;-5.044411113815498
4.797847195631956;0.8630973750484148;4.309444828316;-0.23806512455306228;-5.6007918048567635
4.90824369617702;-1.1375604233627945;5.57581078695834;-0.508137713433177;-4.077354042460426
4.491886822431197;0.05016896441656621;8.660747692116757;2.7401362952211548;-5.926726500133835
3.5797605939559194;0.29487490009800527;9.878730748052623;-1.339736630955385;-2.8469558681348586
4.366148861005728;-0.5830142871522664;8.764324689919771;0.5757170880201306;-4.893248824617906
3.873853064243308;1.1025791163986784;6.3530745701143045;0.8614358461282141;-2.239809498370879
3.4187042095625935;1.727740149686307;10.466648173918779;-1.2415993688683407;-2.3643015550132587
3.727568625713125;-0.8914462178104777;5.989353304696584;-0.6013294071793982;-4.624037734811759
3.602537564442115;-0.0035396923117888557;9.839600669520383;2.3127504592906956;-3.770225174717534
4.070738245396198;0.47176678635692065;2.8313894732461717;0.6682071307792904;-3.111391173613818
3.762306000857604;-1.2629010778960594;1.4170824706576042;-0.5474126500835763;-3.2333454532611285
3.974236598784761;-2.259101305361613;5.278075360222026;0.8277591446717607;-3.830951917003165
4.4689871726799195;-0.7031574144329596;7.262135982350153;3.6569538810873006;-3.7231456074338047
4.924365915860529;0.3848126946230554;2.9258197363581147;3.175740285491851;-3.8784338347464664
3.882688080863743;-0.5878609161141701;7.4497735835295815;0.7800295394935337;-3.495914447326813
3.9011593092789103;1.1282190307618336;6.179473192316309;2.3484780775823597;-3.6086211594299775
3.3351704121729258;-1.5757249179397563;10.387954303929018;-2.232703272584998;-5.111350516952221
4.836390695505079;-0.8747218056040192;-0.5656028004978584;1.0242273897094498;-6.459015894537773
3.5935371389568793;0.3962747201125017;11.883493313783331;3.594048428142325;-3.725803222746863
4.809028036976882;0.732712621615895;6.519909468772914;0.8857501534023557;-4.92722412273721
3.4967432877762503;-0.7926533939700381;6.623348167268408;1.4960278707932475;-3.047419416589675
3.87172758665188;-1.3074262033736925;8.292018665898992;1.0630770487772319;-3.1016934978120347
3.4979073887643755;-0.2916212640849032;8.782853517852637;-0.4322208595315078;-3.216776889117866
3.6243681918433714;-1.5680707267519007;5.770844609249514;2.2561421866010516;-3.69023079332098
4.356894293169748;-0.43749770958659095;7.8993089479822025;0.8661473473959876;-2.3458434249400106
4.655572925876579;-0.7302578003144119;6.9791472253260425;2.5322012129275757;-3.8328258537189557
4.298826104295835;-0.12353337965650557;10.032881190682254;-1.2768416719076288;-4.250511852992014
4.465672251278545;1.4873306774345083;9.423887313805533;-1.043333952452508;-3.4816504099946224
4.221830190313737;-0.40094716116242907;4.079016481547326;0.4047055075804472;-7.28303722465152
2.9927030983507557;-2.889934055115957;6.279380847084288;-1.6570919597134026;-2.684921860405347
3.610248245538833;-0.36114501595457615;11.227694649408646;0.6231245300119508;-2.336794005849559
4.3583557775717505;-0.8954597192787077;8.13642211275658;0.800480645488405;-3.6515777553610973
4.46941180228748;-1.7309752302160395;3.896157468778743;-0.719548331922758;-5.219958029449938
4.186157499648418;-0.6156263812699252;9.611737311510844;1.6550689544251407;-2.265944684627767
4.0585704096971025;0.8588884116105466;10.447699714963964;-1.049495647712065;-3.7161986680985155
4.199412946895303;-0.8966302262120391;4.5763999020201425;-0.095853061845245;-4.963649181946064
4.8258379204116135;-1.5086765408911007;8.696039673094813;1.5586464127712358;-2.5434419144138203
4.662083240253775;0.912339427339151;12.16358829467283;1.915822508659166;-4.228465967092969
4.1690969642104605;0.9621931978237903;-0.7230226302655742;-0.0021839434632860977;-6.430340693215921
3.6197933686449364;1.0846998022852579;15.185944784365812;0.39367221997842183;-4.454811989898731
3.0807153081963814;0.4272747756848205;9.591963333881889;-1.4518956682778146;-4.923729550215197
4.157645432108629;-1.4303419688317256;4.632862417618823;0.3479615991179298;-4.851300915190931
3.860916704341689;-1.1736216257212155;6.553585458691822;0.0850667361644819;-3.8337405507634696
4.4946758416046295;2.153051200263997;7.862274598677488;2.3293953608581193;-6.36699954889076
4.476278432713779;0.7710659238159594;1.242181167388262;0.6376253977784977;-3.365386380124783
3.9721558807851607;-0.9760349911801451;4.359907968204727;-0.3222339119360642;-3.253947501107893
4.892111816660046;-0.42204419963015405;2.318834410510213;2.9250005092017712;-4.686289413258188
4.272253216226456;-1.1348431859194839;6.1327827535570725;-2.60812623771681;-6.2039508883362515
4.245137024681414;-0.6459319599882711;8.674238761873426;1.8582970365163727;-3.9768488801176716
3.7645668945600193;-2.264515118980241;6.424516886374744;1.4911505037304011;-5.237923525006877
3.9555141610649334;0.8413535711983962;4.415818211367773;-0.2549150801844744;-3.8099406736052766
4.721924689814142;-1.4458617890877037;5.140349174459226;0.5575022134968161;-5.721528643042892
4.808838662224538;-0.6517382999261603;11.392072033348834;0.014922017635323748;-4.426246276712441
4.949450717075189;0.5369532603339218;0.30224979857949563;0.759899440085065;-5.665586001240145
3.663132148708514;-0.8685846982216159;12.812894711333318;0.4583955904486118;-6.125777884733436
4.576096879975165;-1.5145379554796068;3.4703679287167084;0.31033518597543014;-2.464281463134829
4.197205458669144;-0.39373721271590995;5.854909061273945;1.4247191085344473;-4.691665392387003
3.8729885222494045;-0.7606505147889089;8.008684664841349;2.8580864980713594;-4.878078187346235
4.951277786035422;-0.4565982418271238;8.926106146153508;0.5897049675783621;-2.7530423826452863
4.661574501816059;-1.6914800394617524;7.346405409286433;1.0870795110892328;-3.1071692642368376
4.399453210562508;-2.0841847154994295;1.2349310095963748;-0.1232062417530263;-2.9178632039880266
3.8026051310913243;-1.393115487140913;8.001410742690611;2.4192639448728723;-5.809219607277792
5.0057477516050835;-0.9590323682628961;11.178326907197654;1.4517624041216484;-4.997598212611112
4.027079954562795;0.8873410911315334;7.632073416300484;1.7230821155963187;-4.623866626607327
5.182614627900724;-1.4544751552351414;5.361717779448304;-1.2848016913973728;-2.9552199382052704
4.3543223893559295;-0.39407052987698143;7.599119910694018;-0.6209091464160621;-3.2682505259788384
4.378103687864304;-1.2215177726963333;5.745643281674671;0.8211057722902199;-3.9681881425255727
4.725345894572204;-0.6614897508391946;8.136046433340807;0.4607842072446649;-3.2057627847258745
4.6353579529250934;-1.1462460827660854;7.634437335908719;-0.5847372168059495;-5.162717207318613
4.649967970261213;-0.22966393569511273;8.093906523732063;-0.47719529738958144;-5.769483012717131
3.733285279429338;0.8565391737124293;7.130886703221458;0.23809792561740906;-6.161906415021522
3.1313457515850542;-0.5741988276318291;9.58668517077584;2.002196899142881;-4.896301021858749
3.739345257898201;-1.04589962806988;7.452327419068098;-1.056653857329085;-3.5532144532075445
4.619138933082818;-1.4542574393766763;6.427558833437919;-1.1521070536694844;-3.9290248384984947
4.5700754352479915;0.8454422427445731;8.47379541511483;2.3669949833990014;-3.040233093333706
4.462593785003794;0.11194194496769866;7.578585720838029;1.281112163428341;-4.34770439104779
4.368867475679229;-2.6843334859097796;5.698496205438699;1.139032321084088;-4.051264521213708
5.414795129027238;-1.6971052846448824;9.467368802273818;0.5387235936553356;-4.298262981517886
4.063301673835426;-0.6815695719224889;9.298803723183742;-0.1969387467307988;-2.59220257425969
4.473572900372739;-0.5961283490463121;4.574331355358616;0.5827500373166573;-2.737645224471069
4.9531501539697045;1.5602159813325949;1.973772344517787;1.554292984435212;-4.376366405174797
4.7712420324619504;-1.3443335080706782;7.062298915346309;1.7148416897944214;-1.209659358774143
4.008928369159421;-2.371003479025875;1.8818048988692864;-0.017319386513274915;-3.2004957578938824
2.874151648531427;-0.36206525361544917;5.257881448340538;1.3275665571644792;-3.057192470957397
3.7335215113598603;-0.18467598891994175;8.683258208726171;-0.22562483575658399;-4.400592643655367
3.0903605976378588;-0.9757789556529506;8.935274630913163;1.608181342309153;-3.0481686850502117
4.726317006654969;0.006420000756020727;1.5887079454786424;0.6691756205362365;-4.582697791960134
4.332550413904614;-0.6998581932601329;7.760208561342758;-0.31820866472939624;-4.07350648386527
4.422635582489398;-0.266198490237711;9.94151748031725;1.1448220027660856;-3.750604167753456
4.360053012739049;1.0041843947311546;8.659597256186887;1.5897337765740729;-4.576147651011516
4.157277265426002;-0.10405933315770405;7.760664913908151;0.9810818327336893;-3.797086562188369
3.0533196647688405;-2.179256703466563;9.535664136187497;-0.7249709094977106;-3.111015623183526
4.826438982034452;-1.3365793177462324;6.161452091250821;2.12992328332742;-5.268477790143712
3.9354724976073046;-0.37047751421665126;-3.8013382730122354;0.7780172453742586;-2.8183465889685744
3.694313298668344;-0.4564644064542393;8.29711113331129;3.212353294137107;-2.63965046006328
4.561660006609476;-1.9486492092876337;4.557196782416947;1.2486863815770992;-7.342538377933078
5.328921997750997;0.018444343200277824;11.590821109302802;1.6167770947668023;-4.24677976255746
4.038509852333754;-0.8023040069698978;5.255860309975006;-0.255548565919792;-4.341416025648684
4.288287026811004;0.8511028451801861;4.595781151746555;1.8043286133595693;-3.4226251227936304
4.969494990073951;-1.9761986895454595;0.044053884556695344;1.2447300350386632;-5.161380402812217
4.351256621624207;-1.417729688244218;2.4088584585473867;1.2457730701810101;-2.8581582666661585
4.502557346260247;-1.19248982547358;2.64067982428037;0.017565263506017836;-4.327125052350361
4.327488906841366;1.131242791995057;5.938613120560493;1.0853149374012192;-3.6286844979320367
4.811142872695572;-0.2361167743864178;3.3179234635037864;0.321382807703777;-5.810475334502893
4.211672915183616;-0.39648069602085373;7.329615204848523;0.21892406707744205;-4.53447730334119
3.065627625870566;-2.265112779532257;-0.6715206188445118;-0.5758219601150285;-3.956789259367615
4.2236222209546375;0.978794382122592;1.248246629281807;0.345398376793501;-5.353631955378633
3.538955116884232;-1.8223884730172126;1.016125094224626;2.4530555445341142;-4.598317611200939
4.311479044320415;-0.5454748146189741;11.024462656079056;0.7461956106438095;-3.019816746058337
3.867879039314676;-0.6881284008242978;8.190650058971048;1.1891841063566884;-5.318571973839768
3.097159733511532;-1.2258827445867144;1.1528614526401757;0.7798591238133297;-2.338324510908579
3.231601555513468;-0.9607177325607132;4.794100638665168;-0.21824253411079542;-5.587163235467837
4.503742841338885;-0.9753942481166415;11.406758869269943;-0.5283640668871465;-3.792166907213683
4.278898281094424;0.24155507959483918;1.9511447564974027;-4.876759940226627E-4;-1.1955740821984566
5.104555367172859;0.2650578609863336;7.893314530970606;0.4783306217208676;-2.783180408322899
4.581212044175173;0.5798738012310733;7.089169871082521;-0.4089120556880972;-4.166825100477815
4.566683011222498;-0.8531307786278781;12.13289189861436;1.0799351832104098;-4.509002252130848
3.7914711169174016;-0.5558153049406551;9.519701290325319;1.7280065008403878;-2.5235852621212964
5.277679500430051;0.5783203567152113;9.932669620151275;0.3132731498765298;-3.451419238704114
3.6419305406066287;-1.527119776905819;5.864542995258333;-1.0079817102134132;-3.6236064860394936
4.608641784131065;-0.7097770666131911;6.163613210439659;-0.16820559067656915;-2.3220690498292846
3.539620089683422;-0.27661893938839804;9.960551375047547;1.3113767713162188;-3.4196642535510824
3.7942975080317654;-0.4209952411215544;4.459084950763003;3.8089333123055447;-4.435584888478534
4.64176249198042;0.7263130664275592;2.6372544232063797;-1.0268542505268465;-3.571005224117703
4.085225224446199;0.5068984764184299;10.45760506941342;3.4832776785562407;-4.39206479672113
4.255610042936101;0.1613586813084728;8.743850553233287;0.4127048733809262;-4.614375543005401
3.9673640457404225;-1.2360331670094356;7.408049656511477;2.365720663869711;-2.7145546998705417
4.902856080676103;-0.30013909310162046;8.331138732075047;1.1720720446563178;-4.625048617870096
4.049038104184582;0.9639371325176103;6.2342089060415;-0.1465989565451422;-4.453290369958428
4.660149944426291;-0.8514916620025048;10.433455389708119;0.2971701258587344;-4.223911052224783
4.340566717186862;0.7687494569536484;2.223920018414343;0.23041171888588516;-4.022717527752287
3.585314175545104;-0.5483693631821154;8.157608655018038;-0.1333323123614757;-5.010617322948786
3.6884903530948554;-0.5799395463313297;7.509106727333236;-1.6283083236220104;-5.029228059592118
3.5619139383927756;-0.8871230043502025;7.382571785935843;-1.2178199672536651;-4.51148655058509
3.809398791028855;-0.3060464794330324;1.5544679618828523;0.5777569515205464;-4.300860449529718
4.682517239153468;-0.3913571450661262;0.628381139061125;0.28178792296973254;-4.3770670464178085
4.128485695006264;-0.36823909591998377;0.678577959852498;0.36759716532666237;-4.493823718554873
4.302675218994371;-0.11260873014005013;4.809573516144445;1.2526878018423775;-3.7720324653792816
3.9176880239500105;-0.3201650977847017;4.900137639243718;1.1346990900481684;-3.7761138528118203
3.8705943504745894;-0.2935590863895219;4.684102989334983;0.9816046540455152;-3.768408733801846
4.011437591371965;-0.14148978700846127;5.060684923390554;1.0432117064454598;-3.7776605030431276
4.348728838910296;-0.12499113438963112;5.06736673762555;1.0984512523383287;-3.762765040059436
3.973088944431964;-0.1592861776216854;5.163921815334545;0.9583571118068569;-3.804472316714825
4.161214022501455;-0.09784994972330337;4.799758566223974;1.2155561504601928;-3.730440225536022
5.928029319584401;-2.7205572687950275;8.365718480775895;1.2193347748833279;-3.645569592018986
4.446826909666457;0.8450511330239967;6.76098738008395;0.43130541522117194;-3.527149416361846
3.216416938705057;0.8613423586883409;9.669418057989379;0.8353314252883745;-2.441832447152746
